id;fecha;producto-latitud;producto-longitud;url;tipo-propiedad
0;2022/11/02;-34,67887;-58,55994;https://inmueble.mercadolibre.com.ar/MLA-1100874761-2-locales-comerciales-s-peatonal-arieta-240-m-cub-ideal-inversor-sjusto-ctro-/JM;Local
1;2022/11/02;-31,412395;-64,48505;https://inmueble.mercadolibre.com.ar/MLA-1102262574-oportunidad-venta-local-comercial-villa-carlos-paz-cordoba-/JM;Local
2;2022/11/02;-34,796432;-58,392197;https://inmueble.mercadolibre.com.ar/MLA-1103865242-macias-500-esquina-canale-adrogue-alquiler-profesional-ideal-consultorios-oficinas-135-m2-/JM;Local
3;2022/11/02;-32,934677;-60,670467;https://inmueble.mercadolibre.com.ar/MLA-1105492775-venta-permuta-local-comercial-consultorios-rosario-luis-agote-/JM;Local
4;2022/11/02;-34,618504;-58,370995;https://inmueble.mercadolibre.com.ar/MLA-1109592658-retasado-gran-local-en-san-telmo-2000-m2-900-m2-de-terraza-eeuu-y-defensa-/JM;Local
5;2022/11/02;-31,399254;-64,26438;https://inmueble.mercadolibre.com.ar/MLA-1110302569-venta-local-comercial-miradores-de-manantiales-renta-inmediata-/JM;Local
6;2022/11/02;-34,59902;-58,378174;https://inmueble.mercadolibre.com.ar/MLA-1111547603-local-en-alquiler-ubicado-en-san-nicolas-capital-federal-/JM;Local
7;2022/11/02;-34,643925;-58,56495;https://inmueble.mercadolibre.com.ar/MLA-1113004811-local-comercial-45-m-sobre-av-de-mayo-ramos-mejia-/JM;Local
8;2022/11/02;-34,59259;-58,412376;https://inmueble.mercadolibre.com.ar/MLA-1113969763-local-en-venta-amplia-vidriera-con-renta-/JM;Local
9;2022/11/02;-34,538116;-58,476532;https://inmueble.mercadolibre.com.ar/MLA-1116268345-florida-mitre-galeria-monumental-venta-2-locales-en-block-/JM;Local
10;2022/11/02;-34,54677;-58,701797;https://inmueble.mercadolibre.com.ar/MLA-1122443887-local-comercial-a-mts-plaza-muniz-/JM;Local
11;2022/11/02;-34,39838;-58,653286;https://inmueble.mercadolibre.com.ar/MLA-1122500281-distribuido-en-planta-baja-y-entrepiso-muy-buen-estado-reservado-/JM;Local
12;2022/11/02;-34,57336;-58,431293;https://inmueble.mercadolibre.com.ar/MLA-1124083247-local-huergo-244-venta-con-renta-/JM;Local
13;2022/11/02;-34,559017;-58,45919;https://inmueble.mercadolibre.com.ar/MLA-1125947570-locales-comerciales-alquiler-nunez-/JM;Local
14;2022/11/02;-34,6273;-58,36107;https://inmueble.mercadolibre.com.ar/MLA-1125954212-locales-comerciales-alquiler-centro-microcentro-/JM;Local
15;2022/11/02;-34,60681;-58,376743;https://inmueble.mercadolibre.com.ar/MLA-1125980344-locales-comerciales-alquiler-centro-microcentro-/JM;Local
16;2022/11/02;-34,601257;-58,376278;https://inmueble.mercadolibre.com.ar/MLA-1126923066-oportunidad-venta-a-precio-de-liquidacion-local-microcentro-a-1-cuadra-de-florida-/JM;Local
17;2022/11/02;-34,590515;-58,43551;https://inmueble.mercadolibre.com.ar/MLA-1127655927-alquiler-de-local-en-av-cordoba-y-thames-/JM;Local
18;2022/11/02;-31,413265;-64,16197;https://inmueble.mercadolibre.com.ar/MLA-1129771229-alquilo-local-90-mts-a-estrenar-barrio-general-paz-apto-gastronomico-/JM;Local
19;2022/11/02;-34,722637;-58,260685;https://inmueble.mercadolibre.com.ar/MLA-1130182702-super-local-ex-casa-tia-1450-m2-en-pb-frente-a-la-estacion-de-quilmes-/JM;Local
20;2022/11/02;-34,616005;-58,63439;https://inmueble.mercadolibre.com.ar/MLA-1130737114-local-comercial-sobre-av-vergara-al-2250-villa-tesei-hurlingham-uf-1-/JM;Local
21;2022/11/02;-40,76511;-71,64684;https://inmueble.mercadolibre.com.ar/MLA-1131091484-venta-edificio-comercial-apto-todo-destino-370m2-los-taiques-55-el-once-villa-la-angostura-/JM;Local
22;2022/11/02;-34,48843;-58,621254;https://inmueble.mercadolibre.com.ar/MLA-1132060739-local-en-don-torcuato-/JM;Local
23;2022/11/02;-34,677624;-58,347248;https://inmueble.mercadolibre.com.ar/MLA-1132625104-alquiler-local-en-sarandi-26160-/JM;Local
24;2022/11/02;-34,779152;-58,290966;https://inmueble.mercadolibre.com.ar/MLA-1132625207-alquiler-de-local-en-quilmes-16838-/JM;Local
25;2022/11/02;-34,60219;-58,374107;https://inmueble.mercadolibre.com.ar/MLA-1133670200-impecable-local-en-san-martin-al-500consulte-x-bonificacion-/JM;Local
26;2022/11/02;-34,629887;-58,46387;https://inmueble.mercadolibre.com.ar/MLA-1133862116-local-comercial-a-estrenar-en-flores-/JM;Local
27;2022/11/02;-34,586014;-58,50172;https://inmueble.mercadolibre.com.ar/MLA-1134545279-local-en-alquiler-ubicado-en-villa-pueyrredon-capital-federal-buenos-aires-/JM;Local
28;2022/11/02;-34,500546;-58,51847;https://inmueble.mercadolibre.com.ar/MLA-1135296096-local-en-galeria-comercial-sav-fleming-/JM;Local
29;2022/11/02;-34,81628;-58,470264;https://inmueble.mercadolibre.com.ar/MLA-1137400077-alquiler-monte-grande-local-centrico-de-478-m2-con-entrepiso-/JM;Local
30;2022/11/02;-31,399254;-64,26438;https://inmueble.mercadolibre.com.ar/MLA-1137770336-se-vende-local-comercial-av-poeta-lugones-n-66-frente-parque-sarmiento-nueva-cordoba-/JM;Local
31;2022/11/02;-34,583645;-58,418648;https://inmueble.mercadolibre.com.ar/MLA-1138283416-ventaalquiler-local-a-estrenar-esq-maxima-exposicion-palermo-botanico-/JM;Local
32;2022/11/02;-34,5817;-58,433548;https://inmueble.mercadolibre.com.ar/MLA-1138498703-ph-local-3ambientes-con-terrazaingreso-independiente-/JM;Local
33;2022/11/02;-32,945316;-60,666416;https://inmueble.mercadolibre.com.ar/MLA-1138637541-local-comercial-a-estrenar-excelente-imagen-/JM;Local
34;2022/11/02;-31,408516;-64,17777;https://inmueble.mercadolibre.com.ar/MLA-1138717926-alquiler-importante-local-150m2-de-salon-deposito-alvear-700-centro-/JM;Local
35;2022/11/02;-32,928978;-60,804688;https://inmueble.mercadolibre.com.ar/MLA-1139177360-excelente-local-comercial-en-alquiler-/JM;Local
36;2022/11/02;-34,532833;-58,479218;https://inmueble.mercadolibre.com.ar/MLA-1139578810-gran-local-con-excelente-ubicacion-/JM;Local
37;2022/11/02;-34,633137;-58,411625;https://inmueble.mercadolibre.com.ar/MLA-1140314537-local-en-venta-en-boedo-oportunidad-/JM;Local
38;2022/11/02;-34,64232;-58,4985;https://inmueble.mercadolibre.com.ar/MLA-1140668111-venta-alquiler-local-villa-luro-/JM;Local
39;2022/11/02;-34,538116;-58,476532;https://inmueble.mercadolibre.com.ar/MLA-1141076603-florida-mitre-galeria-monumental-venta-2-locales-en-block-/JM;Local
40;2022/11/02;-34,607063;-58,377304;https://inmueble.mercadolibre.com.ar/MLA-1141076944-excelente-local-en-alquiler-690-m2-aa-central-impecable-estado-/JM;Local
41;2022/11/02;-34,624405;-58,40626;https://inmueble.mercadolibre.com.ar/MLA-1142062103-local-san-cristobal-/JM;Local
42;2022/11/02;-34,90122;-57,935;https://inmueble.mercadolibre.com.ar/MLA-1142618214-local-en-venta-en-la-plata-/JM;Local
43;2022/11/02;-31,451847;-64,23968;https://inmueble.mercadolibre.com.ar/MLA-1143783989-se-vende-local-comercial-miradores-de-manantiales-renta-inmediata-/JM;Local
44;2022/11/02;-34,58372;-58,51239;https://inmueble.mercadolibre.com.ar/MLA-1144790751-venta-local-mas-deposito-o-monoambiente-esquina-/JM;Local
45;2022/11/02;-34,749813;-58,22272;https://inmueble.mercadolibre.com.ar/MLA-1144869117-venta-en-block-4-deptos-casa-2-locales-en-berazategui-excelente-ubicacion-/JM;Local
46;2022/11/02;-34,781593;-58,840534;https://inmueble.mercadolibre.com.ar/MLA-1144922135-oportunidad-vendo-gran-local-comercial-310-m2-cub-marcos-paz-centro-/JM;Local
47;2022/11/02;-32,96457;-60,64001;https://inmueble.mercadolibre.com.ar/MLA-1145123106-venta-local-de-esquina-en-barrio-republica-de-la-sexta-/JM;Local
48;2022/11/02;-34,602283;-58,49285;https://inmueble.mercadolibre.com.ar/MLA-1145266693-alquiler-local-villa-del-parque-centro-comercial-prox-cuenca-/JM;Local
49;2022/11/02;-34,595448;-58,372894;https://inmueble.mercadolibre.com.ar/MLA-1145389099-excelente-local-comercial-desarrollado-en-planta-baja-y-subsuelo-/JM;Local
50;2022/11/02;-34,445026;-58,54863;https://inmueble.mercadolibre.com.ar/MLA-1145645725-local-con-oficinas-y-ph-para-coleccionistas-de-autos-/JM;Local
51;2022/11/02;-34,90422;-58,04446;https://inmueble.mercadolibre.com.ar/MLA-1145768136-local-en-venta-en-gorina-485-esq138-paseo-mitre-local-14-/JM;Local
52;2022/11/02;-31,399254;-64,26438;https://inmueble.mercadolibre.com.ar/MLA-1146008073-local-comercial-oficina-en-alquiler-nueva-cordoba-/JM;Local
53;2022/11/02;-31,478409;-64,2095;https://inmueble.mercadolibre.com.ar/MLA-1146187965-nave-industrial-polo-52-/JM;Local
54;2022/11/02;-34,613087;-58,38136;https://inmueble.mercadolibre.com.ar/MLA-1146627793-excelente-local-deposito-en-monserrat-1130-m2-/JM;Local
55;2022/11/02;-34,522327;-58,544334;https://inmueble.mercadolibre.com.ar/MLA-1146689028-local-carapachay-/JM;Local
56;2022/11/02;-34,60979;-58,42266;https://inmueble.mercadolibre.com.ar/MLA-1146791150-local-almagro-/JM;Local
57;2022/11/02;-32,94276;-60,65855;https://inmueble.mercadolibre.com.ar/MLA-1146841053-cordoba-2590-/JM;Local
58;2022/11/02;-32,94211;-60,644367;https://inmueble.mercadolibre.com.ar/MLA-1146877673-alquilerventa-local-en-rosario-pte-roca-534-/JM;Local
59;2022/11/02;-32,944813;-60,639786;https://inmueble.mercadolibre.com.ar/MLA-1146902289-alquilerventa-de-local-en-rosario-santa-fe-1235-/JM;Local
60;2022/11/02;-34,61176;-58,39678;https://inmueble.mercadolibre.com.ar/MLA-1146909502-gran-local-ideal-salon-de-eventos-en-caba-900-m2-oportunidad-/JM;Local
61;2022/11/02;-34,92825;-57,970478;https://inmueble.mercadolibre.com.ar/MLA-1147580925-local-calle-3-entre-45-y-46-/JM;Local
62;2022/11/02;-34,692276;-58,389393;https://inmueble.mercadolibre.com.ar/MLA-1148327153-excelente-local-160-m2-alfonsin-e-hipolito-irigoyen-lanus-/JM;Local
63;2022/11/02;-34,564728;-58,46005;https://inmueble.mercadolibre.com.ar/MLA-1148535951-venta-local-belgrano-frente-616m2-en-3-plantas-/JM;Local
64;2022/11/02;-34,70507;-58,316666;https://inmueble.mercadolibre.com.ar/MLA-1148597474-venta-localoficina-comercial-en-wilde-avellaneda-/JM;Local
65;2022/11/02;-34,587833;-58,439484;https://inmueble.mercadolibre.com.ar/MLA-1148761859-local-palermo-hollywood-/JM;Local
66;2022/11/02;-31,465027;-64,186806;https://inmueble.mercadolibre.com.ar/MLA-1148890494-local-en-alquiler-canitas-mall-/JM;Local
67;2022/11/02;-34,606964;-58,382156;https://inmueble.mercadolibre.com.ar/MLA-1149165877-cerrito-al-100-alquiler-local-/JM;Local
68;2022/11/02;-34,808132;-58,17355;https://inmueble.mercadolibre.com.ar/MLA-1149194778-local-venta-en-pozo-paseo-de-compras-hudson-berazategui-/JM;Local
69;2022/11/02;-34,61773;-58,4092;https://inmueble.mercadolibre.com.ar/MLA-1149240134-consultoriooficinalocal-en-alquiler-de-160m2-balvanera-/JM;Local
70;2022/11/02;-34,64131;-58,36988;https://inmueble.mercadolibre.com.ar/MLA-1149416702-local-showroom-barracas-/JM;Local
71;2022/11/02;-34,557106;-58,456562;https://inmueble.mercadolibre.com.ar/MLA-1150551020-alquiler-belgrano-local-93-m2-arcos-y-monroe-salon-oficina-y-bano-/JM;Local
72;2022/11/02;-37,11235;-56,862446;https://inmueble.mercadolibre.com.ar/MLA-1151018539-venta-departamento-local-nuevo-pinamar-centro-/JM;Local
73;2022/11/02;-34,558727;-58,445538;https://inmueble.mercadolibre.com.ar/MLA-1151516714-locales-comerciales-alquiler-belgrano-/JM;Local
74;2022/11/02;-37,967022;-57,595387;https://inmueble.mercadolibre.com.ar/MLA-1152299747-casa-local-en-av-libertad-/JM;Local
75;2022/11/02;-34,55143;-58,512188;https://inmueble.mercadolibre.com.ar/MLA-1152511023-local-en-alquiler-de-21mts-sin-expensas-/JM;Local
76;2022/11/02;-34,552006;-58,51297;https://inmueble.mercadolibre.com.ar/MLA-1152523903-local-en-alquiler-de-21-mts-sin-expensas-/JM;Local
77;2022/11/02;-34,552006;-58,51297;https://inmueble.mercadolibre.com.ar/MLA-1152562700-local-en-alquiler-de-21-mts-sin-expensas-/JM;Local
78;2022/11/02;-34,601128;-58,41768;https://inmueble.mercadolibre.com.ar/MLA-1154123094-local-a-la-calle-en-almagro-guardia-vieja-y-bulnes-/JM;Local
79;2022/11/02;-34,51754;-58,498863;https://inmueble.mercadolibre.com.ar/MLA-1154558582-retasado-en-venta-local-sobre-ugarte-en-muy-buen-estado-/JM;Local
80;2022/11/02;-34,66794;-58,35578;https://inmueble.mercadolibre.com.ar/MLA-1154908702-local-comercial-venta-o-permuta-avellaneda-centro-/JM;Local
81;2022/11/02;-34,6023;-58,440056;https://inmueble.mercadolibre.com.ar/MLA-1155972797-venta-de-local-comercial-/JM;Local
82;2022/11/02;-38,01643;-57,569084;https://inmueble.mercadolibre.com.ar/MLA-1156175897-importante-esquina-de-500-m2-en-alquiler-/JM;Local
83;2022/11/02;-34,60084;-58,40351;https://inmueble.mercadolibre.com.ar/MLA-1156218814-local-once-/JM;Local
84;2022/11/02;-34,867268;-58,043247;https://inmueble.mercadolibre.com.ar/MLA-1156351530-local-en-alquiler-en-city-bell-/JM;Local
85;2022/11/02;-34,600468;-58,38953;https://inmueble.mercadolibre.com.ar/MLA-1156352170-local-centro-/JM;Local
86;2022/11/02;-34,61251;-58,408604;https://inmueble.mercadolibre.com.ar/MLA-1157083722-local-balvanera-/JM;Local
87;2022/11/02;-34,60367;-58,39093;https://inmueble.mercadolibre.com.ar/MLA-1157333501-local-centro-/JM;Local
88;2022/11/02;-34,56487;-58,461044;https://inmueble.mercadolibre.com.ar/MLA-1157640293-local-comercial-barrio-chino-20m2-/JM;Local
89;2022/11/02;-34,478165;-58,529655;https://inmueble.mercadolibre.com.ar/MLA-1158212099-local-alquiler-san-isidro-/JM;Local
90;2022/11/02;-31,433464;-64,14878;https://inmueble.mercadolibre.com.ar/MLA-1159513052-bonificacion-exclusiva-local-comercial-en-av-sabattini-2800-zona-muy-comercial-/JM;Local
91;2022/11/02;-32,969685;-60,64474;https://inmueble.mercadolibre.com.ar/MLA-1159837661-virasoro-1100-alquiler-local-comercial-145-m2-/JM;Local
92;2022/11/02;-36,99474;-57,132862;https://inmueble.mercadolibre.com.ar/MLA-1159882057-local-comercial-casa-departamento-salon-jardin-/JM;Local
93;2022/11/02;-34,608055;-58,39487;https://inmueble.mercadolibre.com.ar/MLA-1160212500-local-en-alquiler-en-congreso-capital-federal-buenos-aires-/JM;Local
94;2022/11/02;-34,564274;-58,460125;https://inmueble.mercadolibre.com.ar/MLA-1160511628-local-comercial-unica-oportunidad-de-inversion-barrio-chino-/JM;Local
95;2022/11/02;-34,564274;-58,460125;https://inmueble.mercadolibre.com.ar/MLA-1160511629-local-comercial-unica-oportunidad-de-inversion-barrio-chino-/JM;Local
96;2022/11/02;-34,541668;-58,726326;https://inmueble.mercadolibre.com.ar/MLA-1160513095-local-en-alquiler-/JM;Local
97;2022/11/02;-34,44306;-58,557964;https://inmueble.mercadolibre.com.ar/MLA-1161913727-local-sfer-viascentro-/JM;Local
98;2022/11/02;-34,587044;-58,503506;https://inmueble.mercadolibre.com.ar/MLA-1161931829-local-sav-mosconi-y-c-argerich-vpueyredon-caba-/JM;Local
99;2022/11/02;-38,01848;-57,542374;https://inmueble.mercadolibre.com.ar/MLA-1162804484-alquiler-comercial-local-superficie-cubierta-221m2-guemes-/JM;Local
100;2022/11/02;-34,554718;-58,496056;https://inmueble.mercadolibre.com.ar/MLA-1163758735-alquiler-local-comercial-exclusiva-de-saavedra-/JM;Local
101;2022/11/02;-34,488003;-58,499844;https://inmueble.mercadolibre.com.ar/MLA-1163824644-alquilo-local-con-vivienda-en-martinez-/JM;Local
102;2022/11/02;-34,59699;-58,44228;https://inmueble.mercadolibre.com.ar/MLA-1164023612-local-villa-crespo-/JM;Local
103;2022/11/02;-34,911636;-57,95414;https://inmueble.mercadolibre.com.ar/MLA-1164381322-alquiler-local-comercial-la-plata-cento-/JM;Local
104;2022/11/02;-33,002438;-60,635925;https://inmueble.mercadolibre.com.ar/MLA-1164479673-local-comercial-en-venta-en-zona-sur-/JM;Local
105;2022/11/02;-34,902603;-57,966;https://inmueble.mercadolibre.com.ar/MLA-1165075823-venta-de-local-la-plata-/JM;Local
106;2022/11/02;-34,618713;-58,370823;https://inmueble.mercadolibre.com.ar/MLA-1165494048-gran-local-en-san-telmo-desarrollado-en-planta-baja-sin-columnas-/JM;Local
107;2022/11/02;-34,62645;-58,37625;https://inmueble.mercadolibre.com.ar/MLA-1165507480-local-comercial-alquila-/JM;Local
108;2022/11/02;-34,60649;-58,512497;https://inmueble.mercadolibre.com.ar/MLA-1165972989-imponente-local-en-venta-ubicacion-privilegiada-av-beiro-4300-v-devoto-/JM;Local
109;2022/11/02;-34,610386;-58,396336;https://inmueble.mercadolibre.com.ar/MLA-1165974257-local-en-balvanera-68m2-sin-comision-no-paga-expensas-ni-aysa-ni-abl-dueno-local-en-excelente-estado-ver-condiciones-en-informacion-adicional-/JM;Local
110;2022/11/02;-37,99613;-57,554455;https://inmueble.mercadolibre.com.ar/MLA-1166391399-dueno-alquila-local-mardel-zona-centro-/JM;Local
111;2022/11/02;-34,950546;-57,999508;https://inmueble.mercadolibre.com.ar/MLA-1166797268-alquilo-local-comercial-/JM;Local
112;2022/11/02;-34,454502;-58,91227;https://inmueble.mercadolibre.com.ar/MLA-1167951239-promo-oficina-temporal-en-pilar-todo-incluido-/JM;Local
113;2022/11/02;-34,45472;-58,9123;https://inmueble.mercadolibre.com.ar/MLA-1167951242-gondola-ideal-emprendedores-en-centro-comercial-/JM;Local
114;2022/11/02;-34,454445;-58,91208;https://inmueble.mercadolibre.com.ar/MLA-1168073038-stand-en-centro-comercial-/JM;Local
115;2022/11/02;-34,610744;-58,370438;https://inmueble.mercadolibre.com.ar/MLA-1168327716-venta-local-comercial-san-telmo-/JM;Local
116;2022/11/02;-34,61103;-58,383255;https://inmueble.mercadolibre.com.ar/MLA-1168344425-local-120-m2-salta-a-1-cuadra-av-de-mayo-/JM;Local
117;2022/11/02;-37,96763;-57,566303;https://inmueble.mercadolibre.com.ar/MLA-1168766200-excelente-propiedad-en-venta-excelente-ubicacion-/JM;Local
118;2022/11/02;-34,78615;-58,16317;https://inmueble.mercadolibre.com.ar/MLA-1169090383-excelente-local-comercial-en-platanos-1200m2-cubiertos-av-mitre-av-pres-dr-nestor-kirchner-/JM;Local
119;2022/11/02;-34,609085;-58,380123;https://inmueble.mercadolibre.com.ar/MLA-1169348231-dueno-alquila-local-comercial-av-de-mayo-/JM;Local
120;2022/11/02;-34,598362;-58,385635;https://inmueble.mercadolibre.com.ar/MLA-1169863479-paraguay-1312-/JM;Local
121;2022/11/02;-34,619278;-58,379833;https://inmueble.mercadolibre.com.ar/MLA-1169895323-irigoyen-bernardo-de-972-/JM;Local
122;2022/11/02;-34,60854;-58,378624;https://inmueble.mercadolibre.com.ar/MLA-1169895325-de-mayo-av-853-/JM;Local
123;2022/11/02;-34,604412;-58,421036;https://inmueble.mercadolibre.com.ar/MLA-1169905162-local-almagro-/JM;Local
124;2022/11/02;-34,593605;-58,404263;https://inmueble.mercadolibre.com.ar/MLA-1170061169-santa-fe-av-2653-/JM;Local
125;2022/11/02;-34,623608;-58,378586;https://inmueble.mercadolibre.com.ar/MLA-1170348883-dueno-alquila-local-san-telmo-/JM;Local
126;2022/11/02;-34,586098;-58,414165;https://inmueble.mercadolibre.com.ar/MLA-1170931502-alquiler-locales-sobre-santa-fe-excelente-galeria-tdes-/JM;Local
127;2022/11/02;-34,60106;-58,374535;https://inmueble.mercadolibre.com.ar/MLA-1170953136-venta-local-comercial-galeria-jardin-microcentro-/JM;Local
128;2022/11/02;-34,59446;-58,44581;https://inmueble.mercadolibre.com.ar/MLA-1172313458-local-villa-crespo-/JM;Local
129;2022/11/02;-32,954132;-60,641277;https://inmueble.mercadolibre.com.ar/MLA-1172491234-venta-local-comercial-en-calle-mitre-1400-rosario-/JM;Local
130;2022/11/02;-41,09299;-71,44989;https://inmueble.mercadolibre.com.ar/MLA-1172763627-venta-local-comercial-y-2-viviendas-bariloche-bustillo-km-14-/JM;Local
131;2022/11/02;-34,60172;-58,432774;https://inmueble.mercadolibre.com.ar/MLA-1173603994-local-villa-crespo-/JM;Local
132;2022/11/02;-34,56783;-58,433342;https://inmueble.mercadolibre.com.ar/MLA-1174981941-belgrano-local-en-alquiler-barrio-las-canitas-/JM;Local
133;2022/11/02;-31,420218;-64,211525;https://inmueble.mercadolibre.com.ar/MLA-1175010481-alquiler-local-comercial-/JM;Local
134;2022/11/02;-34,59689;-58,442505;https://inmueble.mercadolibre.com.ar/MLA-1175033755-terreno-villa-crespo-/JM;Local
135;2022/11/02;-34,602707;-58,39109;https://inmueble.mercadolibre.com.ar/MLA-1175048843-alquiler-local-80-m2-san-nicolas-/JM;Local
136;2022/11/02;-34,62802;-58,69485;https://inmueble.mercadolibre.com.ar/MLA-1175766596-muy-buen-local-desarrollado-en-2-pisos-muy-buenos-accesos-/JM;Local
137;2022/11/02;-34,46062;-58,949802;https://inmueble.mercadolibre.com.ar/MLA-1175790200-local-en-venta-en-estacion-pilara-/JM;Local
138;2022/11/02;-34,581833;-58,476017;https://inmueble.mercadolibre.com.ar/MLA-1176210458-local-comercial-luminoso-barcafepetsetc-casi-esquina-villa-urquiza-parque-chas-/JM;Local
139;2022/11/02;-37,161503;-56,899307;https://inmueble.mercadolibre.com.ar/MLA-1176213100-local-carilo-/JM;Local
140;2022/11/02;-34,707672;-58,386723;https://inmueble.mercadolibre.com.ar/MLA-1177774839-local-en-alquiler-ubicado-en-lanus-este-lanus-gba-zona-sur-/JM;Local
141;2022/11/02;-34,546177;-58,705154;https://inmueble.mercadolibre.com.ar/MLA-1177804799-local-en-alquiler-en-muniz-/JM;Local
142;2022/11/02;-34,59809;-58,417603;https://inmueble.mercadolibre.com.ar/MLA-1177828530-local-palermo-/JM;Local
143;2022/11/02;-34,596344;-58,37738;https://inmueble.mercadolibre.com.ar/MLA-1178906079-excelente-local-con-deposito-de-165-cub-100-entrepiso-en-alquiler-en-retiro-/JM;Local
144;2022/11/02;-34,577965;-58,488815;https://inmueble.mercadolibre.com.ar/MLA-1178965953-local-con-excelente-ubicacion-en-plena-villa-urquiza-/JM;Local
145;2022/11/02;-31,399254;-64,26438;https://inmueble.mercadolibre.com.ar/MLA-1180051405-local-comercial-oportunidad-inversores-a-una-cuadra-del-palacio-ferreyra-/JM;Local
146;2022/11/02;-34,83385;-58,46341;https://inmueble.mercadolibre.com.ar/MLA-1180329760-oportunidad-tres-locales-a-refaccionar-en-venta-/JM;Local
147;2022/11/02;-34,616695;-58,36172;https://inmueble.mercadolibre.com.ar/MLA-1180569694-local-grande-doble-altura-doble-frente-ex-banco-puerto-madero-avenida-principal-/JM;Local
148;2022/11/02;-34,59372;-58,41214;https://inmueble.mercadolibre.com.ar/MLA-1180570544-local-de-2-plantas-gran-vidriera-recoleta-zona-comercial-frente-hospital-/JM;Local
149;2022/11/02;-34,633926;-58,37128;https://inmueble.mercadolibre.com.ar/MLA-1180584391-excelente-local-comercial-a-estrenar-/JM;Local
150;2022/11/02;-34,597134;-58,38494;https://inmueble.mercadolibre.com.ar/MLA-1180884011-retiro-local-en-alquiler-excelente-300-metros-en-una-sola-planta-5-de-frente-x-60-fondo-/JM;Local
151;2022/11/02;-34,64946;-58,387253;https://inmueble.mercadolibre.com.ar/MLA-1180896630-barracas-local-deposito-68-mts-cubiertos-712-x-944-/JM;Local
152;2022/11/02;-34,62311;-58,465195;https://inmueble.mercadolibre.com.ar/MLA-1181129689-galpon-deposito-local-en-alquiler-super-en-flores-/JM;Local
153;2022/11/02;-34,59659;-58,37982;https://inmueble.mercadolibre.com.ar/MLA-1181181374-local-en-alquiler-en-retiro-capital-federal-buenos-aires-/JM;Local
154;2022/11/02;-34,623848;-58,518486;https://inmueble.mercadolibre.com.ar/MLA-1181186780-venta-local-tipo-loft-multiples-usos-monte-castro-/JM;Local
155;2022/11/02;-34,619446;-58,44207;https://inmueble.mercadolibre.com.ar/MLA-1181849488-local-caballito-/JM;Local
156;2022/11/02;-34,59532;-58,414585;https://inmueble.mercadolibre.com.ar/MLA-1183030527-dueno-directo-vende-o-alquila-excelente-ubicacion-/JM;Local
157;2022/11/02;-34,643814;-58,572723;https://inmueble.mercadolibre.com.ar/MLA-1184122520-local-17-m-en-galeria-ramos-mejia-/JM;Local
158;2022/11/02;-34,66029;-58,544407;https://inmueble.mercadolibre.com.ar/MLA-1184122733-salon-de-fiestas-refaccionado-a-nuevo-ramos-mejia-/JM;Local
159;2022/11/02;-34,644573;-58,566154;https://inmueble.mercadolibre.com.ar/MLA-1184289810-local-ramos-mejia-/JM;Local
160;2022/11/02;-34,657433;-58,546783;https://inmueble.mercadolibre.com.ar/MLA-1184289897-local-ramos-mejia-/JM;Local
161;2022/11/02;-34,668995;-58,516068;https://inmueble.mercadolibre.com.ar/MLA-1184380222-local-117m-ph-2-amb-lomas-del-mirador-/JM;Local
162;2022/11/02;-34,67524;-58,543503;https://inmueble.mercadolibre.com.ar/MLA-1184444849-local-127m-san-justo-/JM;Local
163;2022/11/02;-34,62393;-58,483425;https://inmueble.mercadolibre.com.ar/MLA-1184640473-excelente-local-en-importante-esquina-de-floresta-/JM;Local
164;2022/11/02;-34,769245;-58,355774;https://inmueble.mercadolibre.com.ar/MLA-1186498407-excelente-local-unico-en-la-zona-/JM;Local
165;2022/11/02;-34,77992;-58,346703;https://inmueble.mercadolibre.com.ar/MLA-1186505154-excelente-esquina-flujo-peatonal-y-vehicular-constantes-/JM;Local
166;2022/11/02;-34,606308;-58,387905;https://inmueble.mercadolibre.com.ar/MLA-1189607053-local-en-alquiler-pleno-monserrat-/JM;Local
167;2022/11/02;-31,414318;-64,185715;https://inmueble.mercadolibre.com.ar/MLA-1190015286-alquiler-local-en-galeria-general-paz-centro-/JM;Local
168;2022/11/02;-34,656742;-58,479572;https://inmueble.mercadolibre.com.ar/MLA-1190713114-dueno-directo-alquilo-local-sin-expensas-21m2-zona-comercial-floresta-/JM;Local
169;2022/11/02;-31,414318;-64,185715;https://inmueble.mercadolibre.com.ar/MLA-1190713511-local-sobre-galeria-gral-paz-peatonal-centro-/JM;Local
170;2022/11/02;-34,610897;-58,383377;https://inmueble.mercadolibre.com.ar/MLA-1191568702-local-con-vidriera-a-la-calle-en-excelente-ubicacion-/JM;Local
171;2022/11/02;-34,606636;-58,41008;https://inmueble.mercadolibre.com.ar/MLA-1191581481-local-en-esquina-con-doble-vidriera-en-balvanera-/JM;Local
172;2022/11/02;-34,611732;-58,39032;https://inmueble.mercadolibre.com.ar/MLA-1191581591-excelente-local-en-esquina-apto-todo-rubro-ultimo-bar-restaurant-82-m2-/JM;Local
173;2022/11/02;-34,42152;-58,81474;https://inmueble.mercadolibre.com.ar/MLA-1191811698-local-olivos-sobre-av-libertador-alquilado-actualmente-/JM;Local
174;2022/11/02;-34,56285;-58,684093;https://inmueble.mercadolibre.com.ar/MLA-1193273292-venta-local-comercial-y-oficinas-bella-vista-/JM;Local
175;2022/11/02;-34,611053;-58,430958;https://inmueble.mercadolibre.com.ar/MLA-1197062926-local-comercial-dueno-alquiler-o-venta-av-avellaneda-al-40-caballito-/JM;Local
176;2022/11/02;-34,533092;-58,478592;https://inmueble.mercadolibre.com.ar/MLA-1198281291-local-vicente-lopez-/JM;Local
177;2022/11/02;-32,94038;-60,652706;https://inmueble.mercadolibre.com.ar/MLA-1198899968-casa-uso-institucional-comercial-ubicada-en-esquina-de-orono-y-urquiza-muy-imponente-/JM;Local
178;2022/11/02;-34,391216;-58,73849;https://inmueble.mercadolibre.com.ar/MLA-1199778990-local-comercial-en-alquilar-maroto-propiedades-/JM;Local
179;2022/11/02;-34,62963;-58,456547;https://inmueble.mercadolibre.com.ar/MLA-1199951204-dueno-alquila-casona-antigua-en-dos-plantas-para-destino-comercial-/JM;Local
180;2022/11/02;-34,578884;-58,452553;https://inmueble.mercadolibre.com.ar/MLA-1200931781-alquiler-sala-clases-cursos-talleres-ensayos-salon-eventos-/JM;Local
181;2022/11/02;-34,593063;-58,413746;https://inmueble.mercadolibre.com.ar/MLA-1202462110-local-en-alquiler-en-palermo-capital-federal-buenos-aires-/JM;Local
182;2022/11/02;-34,632378;-58,399433;https://inmueble.mercadolibre.com.ar/MLA-1203710217-local-distrito-tecnologico-oportunidad-/JM;Local
183;2022/11/02;-34,583298;-58,407547;https://inmueble.mercadolibre.com.ar/MLA-1204324468-local-botanico-/JM;Local
184;2022/11/02;-34,596733;-58,50426;https://inmueble.mercadolibre.com.ar/MLA-1208624574-venta-local-peluqueria-equipada-a-mts-plaza-devoto-/JM;Local
185;2022/11/02;-34,596733;-58,375355;https://inmueble.mercadolibre.com.ar/MLA-1211216890-local-p-gastronomia-con-instalaciones-calle-florida-plaza-san-martin-420m2-/JM;Local
186;2022/11/02;-34,63895;-58,470547;https://inmueble.mercadolibre.com.ar/MLA-1211412915-flores-venta-2-locales-juntos-o-separados-oportunidad--/JM;Local
187;2022/11/02;-34,59949;-58,440533;https://inmueble.mercadolibre.com.ar/MLA-1213176099-local-villa-crespo-/JM;Local
188;2022/11/02;-34,597816;-58,37559;https://inmueble.mercadolibre.com.ar/MLA-1213201419-urgente-calle-florida-local-comercial-showroom-de-ventas-1era-oferta-razonable-por-disolucion-empresa-/JM;Local
189;2022/11/02;-34,6318;-58,600365;https://inmueble.mercadolibre.com.ar/MLA-1214275916-local-u-oficina-haedo-/JM;Local
190;2022/11/02;-31,38963;-64,206795;https://inmueble.mercadolibre.com.ar/MLA-1214336643-local-comercial-en-alquiler-villa-cabrera-/JM;Local
191;2022/11/02;-34,65295;-58,572647;https://inmueble.mercadolibre.com.ar/MLA-1214438755-local-ramos-mejia-/JM;Local
192;2022/11/02;-38,007168;-57,54262;https://inmueble.mercadolibre.com.ar/MLA-1214655360-local-en-venta-plaza-colon-mar-del-plata-/JM;Local
193;2022/11/02;-34,61532;-58,63477;https://inmueble.mercadolibre.com.ar/MLA-1214878013-alquiler-comercial-sobre-pedro-diaz-centro-villa-tesei-/JM;Local
194;2022/11/02;-34,439487;-58,78587;https://inmueble.mercadolibre.com.ar/MLA-1214948620-local-de-200-m2-en-venta-en-del-viso-pilar-/JM;Local
195;2022/11/02;-34,600384;-58,436745;https://inmueble.mercadolibre.com.ar/MLA-1214956489-dueno-alquila-local-instalado-pizzeria-salida-a-dos-callesposibilidad-alquilar-con-sotano-total-136-metrosmuchas-posibilidades-se-puede-habilitar-la-calle-y-la-vereda-ejemplo-cerveceria-/JM;Local
196;2022/11/02;-34,510147;-58,478313;https://inmueble.mercadolibre.com.ar/MLA-1215048978-local-olivos-viasrio-/JM;Local
197;2022/11/02;-34,466755;-58,520203;https://inmueble.mercadolibre.com.ar/MLA-1215160050-local-alquiler-san-isidro-/JM;Local
198;2022/11/02;-37,322403;-59,14132;https://inmueble.mercadolibre.com.ar/MLA-1215445727-venta-local-a-estrenar-tandil-zona-semicentrica-garibaldi-465-/JM;Local
199;2022/11/02;-34,771385;-58,377644;https://inmueble.mercadolibre.com.ar/MLA-1215447502-local-en-alquiler-con-vivienda-en-una-planta-4-ambientes-con-jardin-terraza-y-parrilla-temperley-/JM;Local
200;2022/11/02;-31,433464;-64,14878;https://inmueble.mercadolibre.com.ar/MLA-1216916715-bonificacion-exclusiva-local-comercial-en-av-sabattini-2800-zona-muy-comercial-/JM;Local
201;2022/11/02;-38,00711;-57,542446;https://inmueble.mercadolibre.com.ar/MLA-1216986001-venta-de-local-zona-plaza-colon-mar-del-plata-/JM;Local
202;2022/11/02;-34,602715;-58,37967;https://inmueble.mercadolibre.com.ar/MLA-1218060447-local-comercial-dueno-directo-macrocentro-/JM;Local
203;2022/11/02;-36,725487;-56,675278;https://inmueble.mercadolibre.com.ar/MLA-1218532868-alquiler-locales-comerciales-pleno-centro-de-mar-de-ajo-frente-al-bco-pcia-/JM;Local
204;2022/11/02;-34,591995;-58,447582;https://inmueble.mercadolibre.com.ar/MLA-1218952661-local-villa-crespo-inmejorable-ubicacion-/JM;Local
205;2022/11/02;-34,54091;-58,473953;https://inmueble.mercadolibre.com.ar/MLA-1218956914-local-edificio-de-oficinas-pb-y-1piso-av-cabildo-4700-/JM;Local
206;2022/11/02;-34,631897;-58,370285;https://inmueble.mercadolibre.com.ar/MLA-1219298054-local-barracas-/JM;Local
207;2022/11/02;-37,997803;-57,556904;https://inmueble.mercadolibre.com.ar/MLA-1219408658-local-en-venta-macrocentro-mar-del-plata-/JM;Local
208;2022/11/02;-38,003025;-57,548832;https://inmueble.mercadolibre.com.ar/MLA-1219447349-retasado-local-en-venta-centro-mar-del-plata-/JM;Local
209;2022/11/02;-38,007175;-57,54247;https://inmueble.mercadolibre.com.ar/MLA-1219479531-local-en-venta-plaza-colon-mar-del-plata-/JM;Local
210;2022/11/02;-34,547558;-58,470367;https://inmueble.mercadolibre.com.ar/MLA-1219583320-local-comercial-a-estrenar-en-nunez-/JM;Local
211;2022/11/02;-34,510147;-58,478313;https://inmueble.mercadolibre.com.ar/MLA-1219687097-excelente-local-olivos-/JM;Local
212;2022/11/02;-32,945686;-60,642345;https://inmueble.mercadolibre.com.ar/MLA-1219804137-oportunidad-de-alquiler-/JM;Local
213;2022/11/02;-34,59731;-58,39608;https://inmueble.mercadolibre.com.ar/MLA-1219810863-local-en-congreso-sin-comision-dueno-directo-52-m2-de-planta-y-45-m2-de-subsuelo-cond-de-ingreso-al-final-/JM;Local
214;2022/11/02;-32,96834;-60,64526;https://inmueble.mercadolibre.com.ar/MLA-1219816557-local-en-pb-a-la-venta-espana-y-hospitales-rosario-/JM;Local
215;2022/11/02;-34,589363;-58,40919;https://inmueble.mercadolibre.com.ar/MLA-1219843773-super-local-palermo-/JM;Local
216;2022/11/02;-37,016354;-56,795204;https://inmueble.mercadolibre.com.ar/MLA-1219882479-locales-comerciales-costa-esmeralda-oportunidad-/JM;Local
217;2022/11/02;-41,945614;-71,529655;https://inmueble.mercadolibre.com.ar/MLA-1219882848-local-en-alquiler-amplio-local-de-mas-de-600-mts2-en-el-bolson-zona-comercial-/JM;Local
218;2022/11/02;-34,56591;-58,44129;https://inmueble.mercadolibre.com.ar/MLA-1220193797-dueno-alquila-local-en-las-canitas-/JM;Local
219;2022/11/02;-38,005478;-57,54261;https://inmueble.mercadolibre.com.ar/MLA-1220566724-local-en-venta-con-entrepiso-y-bano-centro-mar-del-plata-/JM;Local
220;2022/11/02;-34,384052;-58,68239;https://inmueble.mercadolibre.com.ar/MLA-1220911893-venta-local-en-complejo-ven-street-center-villanueva-/JM;Local
221;2022/11/02;-34,48593;-58,687782;https://inmueble.mercadolibre.com.ar/MLA-1221131723-verduleria-autoservicio-fondo-de-comercio-/JM;Local
222;2022/11/02;-31,406752;-64,19113;https://inmueble.mercadolibre.com.ar/MLA-1221683099-alquiler-local-zona-capitalinas-/JM;Local
223;2022/11/02;-38,007275;-57,54465;https://inmueble.mercadolibre.com.ar/MLA-1221741598-local-100-m2-en-2-plantas-/JM;Local
224;2022/11/02;-34,55161;-58,512;https://inmueble.mercadolibre.com.ar/MLA-746665541-venta-local-con-renta-actualmente-farmacia-excelente-ubicacion-av-laprida-4500-villa-martelli-vicente-lopez-/JM;Local
225;2022/11/02;-34,616337;-58,379765;https://inmueble.mercadolibre.com.ar/MLA-836366579-local-200-m2-cub-apto-todo-destino-/JM;Local
226;2022/11/02;-34,91673;-57,956474;https://inmueble.mercadolibre.com.ar/MLA-875168573-11-e46-y-47-localoficinalote-baum-propiedades-/JM;Local
227;2022/11/02;-34,566536;-58,434113;https://inmueble.mercadolibre.com.ar/MLA-880808245-alquiler-local-las-canitas-galeria-ideal-gastronomicos-oficina-equipado-/JM;Local
228;2022/11/02;-34,61032;-58,37635;https://inmueble.mercadolibre.com.ar/MLA-886817892-alquiler-local-comercial-moserrat-incluye-expensas-alsina-/JM;Local
229;2022/11/02;-31,399254;-64,26438;https://inmueble.mercadolibre.com.ar/MLA-895859228-excelente-local-comercial-en-el-corazon-financiero-de-la-ciudad-de-cordoba-/JM;Local
230;2022/11/02;-34,462086;-58,508446;https://inmueble.mercadolibre.com.ar/MLA-899391956-venta-con-renta-excelente-local-en-el-bajo-de-san-isidro-/JM;Local
231;2022/11/02;-34,512802;-58,517563;https://inmueble.mercadolibre.com.ar/MLA-910037954-excelente-local-en-esquina-ph-2amb-con-patio-/JM;Local
232;2022/11/02;-34,601;-58,49629;https://inmueble.mercadolibre.com.ar/MLA-910316663-local-en-pleno-centro-comercial-de-villa-del-parque-150-m2-nuevo-precio-/JM;Local
233;2022/11/02;-34,438465;-58,79364;https://inmueble.mercadolibre.com.ar/MLA-910530291-oppel-local-en-venta-office-park-quatro-pilar-cod-2-/JM;Local
234;2022/11/02;-34,538116;-58,476532;https://inmueble.mercadolibre.com.ar/MLA-911788205-florida-mitre-galeria-monumental-venta-2-locales-en-block-/JM;Local
235;2022/11/02;-36,572437;-56,694252;https://inmueble.mercadolibre.com.ar/MLA-911918308-venta-mar-del-tuyu-local-en-la-costa-4-e-70-y-71-/JM;Local
236;2022/11/02;-34,67944;-58,55958;https://inmueble.mercadolibre.com.ar/MLA-913575989-local-comercial-332-m-peatonal-arieta-sjusto-ctro-/JM;Local
237;2022/11/02;-34,6773;-58,559498;https://inmueble.mercadolibre.com.ar/MLA-913576007-local-comercial-1234-m-en-2-plantas-c-rampa-para-autos-sjusto-ctro-/JM;Local
238;2022/11/02;-34,752266;-58,61716;https://inmueble.mercadolibre.com.ar/MLA-913577076-local-comercial-1800-m-en-3-plantas-ideal-centro-comercial-gonzalez-catan-/JM;Local
239;2022/11/02;-34,679653;-58,550846;https://inmueble.mercadolibre.com.ar/MLA-913577144-local-comercial-y-galpon-1450-m-cub-frente-a-3-calles-sobre-avenida-sjusto-ctro-/JM;Local
240;2022/11/02;-31,766716;-65,00093;https://inmueble.mercadolibre.com.ar/MLA-920769121-n020ap-locales-comerciales-en-arroyo-de-los-patos-/JM;Local
241;2022/11/02;-34,64358;-58,570297;https://inmueble.mercadolibre.com.ar/MLA-923808766-local-en-venta-en-ramos-mejia-/JM;Local
242;2022/11/02;-32,95918;-60,63844;https://inmueble.mercadolibre.com.ar/MLA-927558619-local-comercial-con-excelente-renta-/JM;Local
243;2022/11/02;-31,441822;-64,50113;https://inmueble.mercadolibre.com.ar/MLA-931028127-se-vende-oportunidad-de-localvivienda-/JM;Local
244;2022/11/02;-34,646145;-58,56887;https://inmueble.mercadolibre.com.ar/MLA-931196219-salon-de-fiesta-680-m-dpto-tipo-duplex-4-amb-a-estrenar-ramos-mejia-/JM;Local
245;2022/11/02;-34,64612;-58,569103;https://inmueble.mercadolibre.com.ar/MLA-931196717-salon-de-fiesta-500-m-en-2-plantas-ramos-mejia-/JM;Local
246;2022/11/02;-34,598404;-58,402126;https://inmueble.mercadolibre.com.ar/MLA-932923122-edificio-desarrollado-en-subsuelo-planta-baja-y-2-pisos-reservado-/JM;Local
247;2022/11/02;-34,623795;-58,402256;https://inmueble.mercadolibre.com.ar/MLA-934212416-gran-local-de-2233-m2-apto-todo-rubro-/JM;Local
248;2022/11/02;-34,48958;-58,52292;https://inmueble.mercadolibre.com.ar/MLA-934983788-local-venta-con-vivienda-3-ambientes-martinez-/JM;Local
249;2022/11/02;-37,11634;-56,854477;https://inmueble.mercadolibre.com.ar/MLA-935639191-av-del-mar-y-av-bunge-frente-playa-/JM;Local
